TxnDate, PostedDate,Payee,Notes,Amount
Aug 25,Aug 25,Tim HORTONS, SCARBOROUGH, -1.92
Aug 25,Aug 25,Payment Received, Thank you, 0.28
Aug 25,Aug 25,Tim HORTONS, SCARBOROUGH, -0.28
Aug 25,Aug 25,Payment Received, Thank you ,173.31
Aug 23,Aug 24,ALBAAQI SCARBOROUGH ,CAN, -6.58
Aug 23,Aug 24,DOLLARAMA SCARBOROUGH ,CAN, -5.93
Aug 23,Aug 24,GIANT TIGER SCARBOROUGH ,CAN ,-15.59
Aug 18,Aug 19,TIM HORTONS #3296 SCARBOROUGH ,CAN, -0.12
Aug 18,Aug 19,TIM HORTONS #3296 SCARBOROUGH ,CAN, -2.09
Aug 18,Aug 19,GIANT TIGER #159 SCARBOROUGH ,CAN ,-10.51
Aug 18,Aug 19,DOLLARAMA # 759 TORONTO ,CAN, -4.52
Aug 16,Aug 18,PRESTO FARE/5F2727P5DB Toronto ,CAN, -6.60
Aug 16,Aug 17,GIANT TIGER #159 SCARBOROUGH ,CAN, -7.94
Aug 15,Aug 17,UBER CANADA/UBEREATS TORONTO ,CAN ,-19.90
Aug 16,Aug 17,DOLLARAMA # 759 TORONTO ,CAN, -5.93
Aug 14,Aug 16,PRESTO FARE/5F17CKXPCF Toronto ,CAN, -3.30
Aug 14,Aug 16,TIM HORTONS #2753 TORONTO ,CAN, -1.92
Aug 14,Aug 14,SEPHORA.CA SEPHORA.CA ,CAN, 83.62
Aug 12,Aug 13,GIANT TIGER #159 SCARBOROUGH ,CAN, -5.94
Aug 12,Aug 13,ALBAAQI SUPERMARKET SCARBOROUGH ,CAN, -3.29
Aug 12,Aug 13,DOLLARAMA # 759 TORONTO ,CAN, -1.70
Aug 12,Aug 13,DOLLARAMA # 759 TORONTO ,CAN, -6.22
Aug 9,Aug 11,GIANT TIGER #159 SCARBOROUGH ,CAN, -7.45
Aug 9,Aug 9,DOORDASHZABARDASTHY +16506819470 ,CAN ,-23.25
Aug 7,Aug 9,PRESTO FARE/5F05P5L6HS Toronto ,CAN, -6.60
Aug 7,Aug 8,KING BURRITO & JUICE B TORONTO ,CAN, -3.14
Aug 7,Aug 8,KING BURRITO & JUICE B TORONTO ,CAN ,-12.97
Aug 6,Aug 7,DOORDASHLONZOSKITCH +16506819470 ,CAN ,-26.93
Aug 5,Aug 6,GIANT TIGER #159 SCARBOROUGH ,CAN ,-10.06
Aug 5,Aug 6,DOLLARAMA # 759 TORONTO ,CAN, -9.89
Aug 2,Aug 4,PRESTO FARE/55PHL2QMJF Toronto ,CAN, -3.30
Aug 3,Aug 3,SEPHORA.CA SEPHORA.CA ,CAN, 61.02
Aug 2,Aug 3,TIM HORTONS #3296 SCARBOROUGH ,CAN, -2.40
Aug 1,Aug 3,TIM HORTONS #3296 SCARBOROUGH ,CAN, -2.93
Jul 30, Aug 1,SHOPPERS DRUG MART #08 NORTH YORK ,CAN, -3.38
Jul 31, Aug 1,TIM HORTONS #3296 SCARBOROUGH ,CAN, -4.66
Jul 28, Jul 29,ALBAAQI SUPERMARKET SCARBOROUGH ,CAN ,-11.65
Jul 28, Jul 29,SHOPPERS DRUG MART #08 TORONTO ,CAN, -3.70
Jul 26, Jul 28,PRESTO FARE/5574G2MDMB Toronto ,CAN, -3.30
Jul 25, Jul 27,SOBEYS #7383 TORONTO ,CAN ,-23.15
Jul 23, Jul 25,PRESTO FARE/55NF7HCX2J Toronto ,CAN, -3.30
Jul 22, Jul 23,TIM HORTONS #1769 ETOBICOKE ,CAN, -3.76
Jul 21, Jul 23,PRESTO FARE/55N26JQHVV Toronto ,CAN, -3.30
Jul 21, Jul 22,SQ *SHAMBHALA KITCHEN Toronto ,CAN ,-39.66
Jul 19, Jul 20,GIANT TIGER #159 SCARBOROUGH ,CAN, -9.05
Jul 18, Jul 20,TIM HORTONS #2288 ETOBICOKE ,CAN, -2.93
Jul 20, Jul 20,Payment Received, Thank you ,163.80
Jul 18, Jul 19,SOUL REBEL SCARBOROUGH ,CAN ,-25.88
Jul 18, Jul 18,Subway 30855 Toronto ,CAN ,-14.57
Jul 17, Jul 18,GIANT TIGER #159 SCARBOROUGH ,CAN, -5.64
Jul 17, Jul 18,ALBAAQI SUPERMARKET SCARBOROUGH ,CAN, -6.58
Jul 15, Jul 15,Transaction Dispute Adjustment,, 11.29
Jul 10, Jul 11,UBER CANADA/UBERONE TORONTO ,CAN ,-11.29
Jul 9,Jul 10, DOLLARAMA # 759 TORONTO ,CAN ,-18.08
Jul 7,Jul 9, SHELL C45061 SCARBOROUGH ,CAN, -2.51
Jul 7,Jul 9, PRESTO FARE/55K6J9VWRG Toronto ,CAN, -3.30
Jul 7,Jul 8, CAFE DE PAAN SCARBOROUGH ,CAN, -5.63
Jul 7,Jul 8, SOUL REBEL SCARBOROUGH ,CAN, -3.96
Jul 7,Jul 8, SOUL REBEL SCARBOROUGH ,CAN ,-25.88
Jul 6,Jul 7, TIM HORTONS #8161 BRAMPTON ,CAN, -1.92
Jul 5,Jul 6, TIM HORTONS #9403 NORTH YORK ,CAN, -0.18
Jul 4,Jul 5, TIM HORTONS #3296 SCARBOROUGH ,CAN, -2.72
Jul 2,Jul 4, SHELL C45061 SCARBOROUGH ,CAN, -2.70
Jul 2,Jul 3, GIANT TIGER #159 SCARBOROUGH ,CAN ,-12.03
Jul 2,Jul 3, SOUL REBEL SCARBOROUGH ,CAN ,-20.24
Jul 1,Jul 3, SEPHORA.CA SEPHORA.CA ,CAN ,-37.29
Jul 1,Jul 3, SEPHORA.CA SEPHORA.CA ,CAN ,-61.02
Jul 1,Jul 3, SEPHORA.CA SEPHORA.CA ,CAN ,-83.62
Jul 2,Jul 2, Payment Received, Thank you ,202.33
Jun 30, Jul 1, TIM HORTONS #0913 MILTON ,CAN ,-10.52
Jun 29, Jul 1, PRESTO FARE/55J592PFD7 Toronto ,CAN, -3.30
Jun 26, Jun 27, DOORDASHTHEMOMOSTAT +16506819470 ,CAN, -6.58
Jun 26, Jun 26, Payment Received, Thank you ,228.41
Jun 25, Jun 26, UBER CANADA/UBEREATS TORONTO ,CAN ,-20.98
Jun 24, Jun 26, TIM HORTONS #3296 SCARBOROUGH ,CAN, -9.95
Jun 24, Jun 25, GIANT TIGER #159 SCARBOROUGH ,CAN, -2.97
Jun 24, Jun 25, SOUL REBEL SCARBOROUGH ,CAN ,-26.45
Jun 24, Jun 25, Subway 42740 Toronto ,CAN ,-17.83
Jun 22, Jun 22, TIM HORTONS #3296 SCARBOROUGH ,CAN, -3.76
Jun 21, Jun 22, PIZZA PIZZA # 70 SCARBOROUGH ,CAN ,-25.41
Jun 20, Jun 21, UBER CANADA/UBEREATS TORONTO ,CAN ,-28.26
Jun 19, Jun 21, PRESTO FARE/55H648VMBC Toronto ,CAN, -3.30
Jun 19, Jun 20, GIANT TIGER #159 SCARBOROUGH ,CAN ,-10.82
Jun 19, Jun 20, DOLLARAMA # 759 TORONTO ,CAN, -7.85
Jun 18, Jun 20, PRESTO FARE/55H4CH9QVH Toronto ,CAN, -3.30
Jun 16, Jun 18, WAL-MART #3135 BRAMPTON ,CAN, -1.24
Jun 17, Jun 18, DOLLARAMA # 759 TORONTO ,CAN, -9.07
Jun 17, Jun 17, TIM HORTONS #1769 ETOBICOKE ,CAN, -4.01
Jun 15, Jun 17, CITY OF TORONTO FERRY TORONTO ,CAN ,-27.33
Jun 15, Jun 16, SOUL REBEL SCARBOROUGH ,CAN ,-25.88
Jun 14, Jun 15, GIANT TIGER #159 SCARBOROUGH ,CAN ,-18.09
Jun 15, Jun 15, Payment Received, Thank you ,259.80
Jun 13, Jun 15, PRESTO FARE/55G3GK9HTX Toronto ,CAN, -6.60
Jun 11, Jun 12, DOORDASHTHEMOMOSTAT +16506819470 ,CAN ,-21.66
Jun 10, Jun 11, UBER CANADA/UBERONE TORONTO ,CAN ,-11.29
Jun 9, Jun 9, WETNWILD* GPM PURCHASE +14163690123 ,CAN ,-15.00
Jun 7, Jun 9, SHELL C45074 TORONTO ,CAN ,-17.29
Jun 7, Jun 9, PRESTO FARE/55F1D6RR8T Toronto ,CAN, -3.30
Jun 5, Jun 7, SHOPPERS DRUG MART #08 SCARBOROUGH ,CAN, -3.83
Jun 6, Jun 7, ROYAL PAAN SCARBOROUGH SCARBOROUGH ,CAN ,-12.00
Jun 5, Jun 5, DOORDASHFATBASTARDB DOWNTOWN TORO ,CAN ,-27.68
Jun 2, Jun 4, PRESTO FARE/555357HVNG Toronto ,CAN, -3.30
Jun 1, Jun 3, FRESHCO 9618 MALTON ,CAN ,-23.08
Jun 2, Jun 3, SEGOVIA COFFEE BRAMPTON ,CAN ,-31.64
Jun 2, Jun 3, PETRO CANADA33741 BRAMPTON ,CAN, -4.06
May 31, Jun 2, A&W 4438 TORONTO ,CAN, -2.93
May 31, Jun 2, PRESTO FARE/55DJ8597DH Toronto ,CAN, -3.30
May 31, Jun 1, SQ *BRUNCHIN? Toronto ,CAN, -6.77
May 26, May 28, PRESTO FARE/55CKJNTHV7 Toronto ,CAN, -6.60
May 24, May 26, ADOBO FRESH BURRITO-WA TORONTO ,CAN, -2.02
May 22, May 26, MAIN ST & VODDEN BRAMPTON ,CAN, -3.14
May 24, May 26, PRESTO FARE/55C2GDFDDZ Toronto ,CAN, -6.60
May 24, May 25, A&W #4470 FRONT STREET TORONTO ,CAN ,-33.87
May 22, May 23, GIANT TIGER #159 SCARBOROUGH ,CAN, -7.74
May 20, May 22, PRESTO FARE/55BF48W2GS BRAMPTON ,CAN, -4.63
May 20, May 21, PIZZA PIZZA # 70 SCARBOROUGH ,CAN ,-16.02
May 19, May 21, TERRACE FOOD COURT NIAGARA FALLS ,CAN ,-10.19
May 20, May 20, Payment Received, Thank you ,384.95
May 20, May 20, TIM HORTONS #0600 BEAMSVILLE ,CAN, -4.66
May 18, May 20, PRESTO FARE/55B7D9D7PZ Scarborough ,CAN, -9.17
May 18, May 20, PETRO CANADA33741 BRAMPTON ,CAN ,-31.00
May 19, May 20, PETRO CANADA35343 ST CATHARINE ,CAN, -3.99
May 19, May 19, Store Niagara Falls ,CAN ,-13.88
May 17, May 19, OSMOW'S SHAWARMA TORONTO ,CAN, -2.03
May 17, May 19, OSMOW'S SHAWARMA TORONTO ,CAN, -2.02
May 17, May 19, PRESTO FARE/55B217BC6H Toronto ,CAN, -9.90
May 17, May 18, Subway 14408 Toronto ,CAN ,-14.57
May 16, May 18, PRESTO FARE/552N4397ZD Toronto ,CAN, -3.30
May 15, May 17, PETRO CANADA59041 TORONTO ,CAN, -2.13
May 15, May 17, PETRO CANADA59041 TORONTO ,CAN ,-22.29
May 15, May 17, PRESTO FARE/552667BKB2 Toronto ,CAN, -3.30
May 13, May 14, TIM HORTONS #1650 SCARBOROUGH ,CAN, -5.11
May 12, May 13, TORONTO PARKING AUTHOR TORONTO ,CAN, -3.00
May 11, May 13, TORONTO PARKING AUTHOR TORONTO ,CAN, -4.00
May 11, May 13, PRESTO FARE/559NPLVGD2 Toronto ,CAN, -3.30
May 12, May 13, VIP BILLIARDS ON DANFO TORONTO ,CAN ,-31.08
May 11, May 12, METRO 62 TORONTO ,CAN ,-15.96
May 11, May 12, TIM HORTONS #5547 TORONTO ,CAN ,-10.33
May 11, May 12, PETRO CANADA59041 TORONTO ,CAN, -3.04
May 10, May 11, DOORDASHAMAZINGSHAW +16506819470 ,CAN ,-25.24
May 10, May 11, UBER CANADA/UBERONE TORONTO ,CAN ,-11.29
May 6, May 6, UBER CANADA TORONTO ,CAN, 31.45
May 4, May 6, UBER CANADA/UBEREATS TORONTO ,CAN ,-31.45
May 3, May 5, PRESTO FARE/5588816KJ7 Toronto ,CAN, -6.60
May 1, May 3, ESSO CIRCLE K SCARBOROUGH ,CAN, -2.25
May 1, May 3, PRESTO FARE/5580NHQPHB Toronto ,CAN, -3.30
May 1, May 2, NOFRILLS STEPHEN'S #34 SCARBOROUGH ,CAN, -0.37
May 1, May 2, NOFRILLS STEPHEN'S #34 SCARBOROUGH ,CAN ,-18.66
Apr 30, May 2, PRESTO FARE/557M18PWRW Toronto ,CAN, -3.30
Apr 30, May 1, NADIA'S NF #7138 SCARBOROUGH ,CAN ,-14.05
Apr 29, May 1, PRESTO FARE/557H68VS6R Toronto ,CAN, -3.30
Apr 29, Apr 30,TIM HORTONS #1809 SCARBOROUGH ,CAN, -3.79
Apr 27, Apr 29,PRESTO FARE/5577K79XNG Toronto ,CAN, -6.60
Apr 27, Apr 29,CITY OF TORONTO FERRY TORONTO ,CAN ,-18.22
Apr 27, Apr 29,GATEWAY NEWSSTAND #145 SCARBOROUGH ,CAN, -3.50
Apr 27, Apr 28,KARMA'S KITCHEN TORONTO ,CAN, -9.32
Apr 27, Apr 28,DOLLARAMA # 759 TORONTO ,CAN, -1.70
Apr 26, Apr 28,PRESTO FARE/55723HD8LG Toronto ,CAN, -3.30
Apr 24, Apr 26,PRESTO FARE/5566G7VZ56 Toronto ,CAN, -3.30
Apr 23, Apr 25,PRESTO FARE/556D7N8DBD Toronto ,CAN, -3.30
Apr 24, Apr 25,NADIA'S NF #7138 SCARBOROUGH ,CAN, -0.37
Apr 22, Apr 24,PRESTO FARE/5568PP2M6V Toronto ,CAN, -3.30
Apr 23, Apr 23,Payment Received, Thank you, 30.78
Apr 18, Apr 22,ESSO CIRCLE K SCARBOROUGH ,CAN, -2.25
Apr 19, Apr 22,PRESTO FARE/555JGK6T6X Toronto ,CAN, -3.30
Apr 19, Apr 22,TIM HORTONS #1809 SCARBOROUGH ,CAN, -2.40
Apr 18, Apr 22,PRESTO FARE/555F3BPN6C Toronto ,CAN, -3.30
Apr 18, Apr 19,TIM HORTONS #1809 SCARBOROUGH ,CAN, -2.40
Apr 17, Apr 19,PRESTO FARE/5552B0GV8B Toronto ,CAN, -3.30
Apr 16, Apr 18,PRESTO FARE/55557PH7RL Toronto ,CAN, -3.30
Apr 16, Apr 17,TIM HORTONS #1809 SCARBOROUGH ,CAN, -2.40
Apr 15, Apr 17,DD/DOORDASHTHEBIRYANIW VANCOUVER ,CAN ,-25.67
Apr 15, Apr 17,PRESTO FARE/555048BQDG Toronto ,CAN, -3.30
Apr 15, Apr 15,Payment Received, Thank you ,225.87
Apr 15, Apr 15,Reward CashedOut,, 10.73
Apr 13, Apr 15,PRESTO FARE/554GK78699 Toronto ,CAN, -3.30
Apr 13, Apr 14,TIM HORTONS #1809 SCARBOROUGH ,CAN, -7.67
Apr 13, Apr 14,GIANT TIGER #159 SCARBOROUGH ,CAN, -7.88
Apr 12, Apr 14,PRESTO FARE/5542DDPFK8 Toronto ,CAN, -3.30
Apr 12, Apr 13,NEW KALYANI TAKE OUT & SCARBOROUGH ,CAN, -7.35
Apr 11, Apr 13,DD/DOORDASHBUTTERCHICK VANCOUVER ,CAN ,-23.39
Apr 11, Apr 13,PRESTO FARE/5546FJSFJL Toronto ,CAN, -6.60
Apr 10, Apr 11,TIM HORTONS #1809 SCARBOROUGH ,CAN, -2.17
Apr 9, Apr 11, DD/DOORDASHAMAZINGSHAW VANCOUVER ,CAN ,-22.51
Apr 10, Apr 11, UBER CANADA/UBERONE TORONTO ,CAN ,-11.29
Apr 9, Apr 11, PRESTO FARE/553MNBSDZX Toronto ,CAN, -3.30
Apr 8, Apr 10, PRESTO FARE/553615TQC5 Toronto ,CAN, -3.30
Apr 8, Apr 10, PRESTO KENNEDY STN SCARBOROUGH ,CAN, -3.35
Apr 8, Apr 9, TIM HORTONS #1809 SCARBOROUGH ,CAN, -8.57
Apr 5, Apr 7, PRESTO FARE/55337FB9QS Toronto ,CAN, -3.30
Apr 5, Apr 7, TIM HORTONS #1809 SCARBOROUGH ,CAN, -2.40
Apr 5, Apr 7, GIANT TIGER #159 SCARBOROUGH ,CAN ,-23.69
Apr 5, Apr 7, GIANT TIGER #159 SCARBOROUGH ,CAN, -9.40
Apr 4, Apr 6, PRESTO FARE/552MH5NHJK Toronto ,CAN, -6.60
Apr 3, Apr 5, PRESTO FARE/552J6P89TT Toronto ,CAN, -3.30
Apr 4, Apr 4, DOORDASH DASHPASS +16506819470 ,CAN ,-11.29
Apr 3, Apr 4, DD/DOORDASHTHEMOMOSTAT VANCOUVER ,CAN ,-41.12
Apr 2, Apr 4, PRESTO FARE/5525CJ978S Toronto ,CAN, -3.30
Apr 2, Apr 4, ESSO CIRCLE K SCARBOROUGH ,CAN, -2.25
Apr 3, Apr 3, Payment Received, Thank you, 72.36
Apr 2, Apr 3, TIM HORTONS #1809 SCARBOROUGH ,CAN, -2.30
Apr 2, Apr 3, DOLLARAMA # 759 TORONTO ,CAN, -3.75
Apr 1, Apr 3, PRESTO FARE/55295KFQP8 Toronto ,CAN, -3.30
Apr 1, Apr 2, DOORDASHAMAZINGSHAW +16506819470 ,CAN ,-14.06
Mar 29, Mar 31, PRESTO FARE/551KNB88CC Toronto ,CAN, -3.30
Mar 29, Mar 30, TIM HORTONS #1809 SCARBOROUGH ,CAN, -2.30
Mar 28, Mar 30, PRESTO FARE/551FKBDKNZ Toronto ,CAN, -3.30
Mar 28, Mar 29, TIM HORTONS #1809 SCARBOROUGH ,CAN, -2.17
Mar 27, Mar 29, PRESTO FARE/5512P6VN2Z Toronto ,CAN, -3.30
Mar 27, Mar 28, GIANT TIGER #159 SCARBOROUGH ,CAN, -9.94
Mar 27, Mar 28, TIM HORTONS #1809 SCARBOROUGH ,CAN, -2.17
Mar 26, Mar 28, ESSO CIRCLE K SCARBOROUGH ,CAN, -2.25
Mar 26, Mar 28, PRESTO FARE/55163JPZPB Toronto ,CAN, -3.30
Mar 26, Mar 27, DOLLARAMA # 759 TORONTO ,CAN ,-10.37
Mar 25, Mar 27, PRESTO FARE/55100K85K2 Toronto ,CAN, -3.30
Mar 25, Mar 25, Payment Received, Thank you, 32.86
Mar 23, Mar 24, UBER CANADA/UBEREATS TORONTO ,CAN ,-24.96
Mar 22, Mar 24, PRESTO FARE/550BMMSXQ7 Toronto ,CAN, -3.30
Mar 22, Mar 23, TIM HORTONS #1809 SCARBOROUGH ,CAN, -2.30
Mar 22, Mar 23, UBER CANADA/UBEREATS TORONTO ,CAN, -4.00
Mar 21, Mar 23, UBER CANADA/UBEREATS TORONTO ,CAN ,-26.16
Mar 21, Mar 23, ESSO CIRCLE K SCARBOROUGH ,CAN, -2.25
Mar 21, Mar 23, PRESTO FARE/5506N5M2XW Toronto ,CAN, -3.30
Mar 22, Mar 22, Payment Received, Thank you ,156.02
Mar 20, Mar 22, PRESTO FARE/5501P0J7D2 Toronto ,CAN, -3.30
Mar 20, Mar 21, TIM HORTONS #1809 SCARBOROUGH ,CAN, -5.97
Mar 19, Mar 21, PRESTO FARE/5DPN4F85PB Toronto ,CAN, -3.30
Mar 19, Mar 21, ESSO CIRCLE K SCARBOROUGH ,CAN, -2.25
Mar 19, Mar 20, TIM HORTONS #1809 SCARBOROUGH ,CAN, -2.30
Mar 18, Mar 20, PRESTO FARE/5DP6FL7GQ9 Toronto ,CAN, -3.30
Mar 18, Mar 20, ESSO CIRCLE K SCARBOROUGH ,CAN, -2.25
Mar 16, Mar 17, UBER CANADA/UBEREATS TORONTO ,CAN ,-25.23
Mar 15, Mar 17, PRESTO FARE/5DP376PQ25 Toronto ,CAN, -3.30
Mar 15, Mar 17, ESSO CIRCLE K SCARBOROUGH ,CAN, -2.25
Mar 15, Mar 16, GIANT TIGER #159 SCARBOROUGH ,CAN ,-29.83
Mar 15, Mar 16, ALBAAQI SUPERMARKET SCARBOROUGH ,CAN, -5.78
Mar 14, Mar 16, ESSO CIRCLE K SCARBOROUGH ,CAN, -2.25
Mar 15, Mar 16, DOLLARAMA # 759 TORONTO ,CAN, -2.06
Mar 14, Mar 16, PRESTO FARE/5D7NBGVFPL Toronto ,CAN, -6.60
Mar 14, Mar 15, TIM HORTONS #1809 SCARBOROUGH ,CAN, -2.30
Mar 13, Mar 15, ESSO CIRCLE K SCARBOROUGH ,CAN, -2.25
Mar 13, Mar 15, PRESTO FARE/5D7JKDZXGZ Toronto ,CAN, -3.30
Mar 13, Mar 14, ALBAAQI SUPERMARKET SCARBOROUGH ,CAN, -9.87
Mar 12, Mar 14, PRESTO FARE/5D75PJGSNM Toronto ,CAN, -3.30
Mar 12, Mar 14, ESSO CIRCLE K SCARBOROUGH ,CAN, -2.25
Mar 13, Mar 13, Payment Received, Thank you, 33.33
Mar 11, Mar 13, PRESTO FARE/5D79PHL9CV Toronto ,CAN, -3.30
Mar 11, Mar 12, TIM HORTONS #1809 SCARBOROUGH ,CAN, -2.17
Mar 10, Mar 11, UBER CANADA/UBERONE TORONTO ,CAN ,-11.29
Mar 8, Mar 10, ESSO CIRCLE K SCARBOROUGH ,CAN, -2.25
Mar 8, Mar 10, PRESTO FARE/5DNLFJ9DSX Toronto ,CAN, -3.30
Mar 8, Mar 9, TIM HORTONS #1809 SCARBOROUGH ,CAN, -2.17
Mar 7, Mar 9, DD/DOORDASHAMAZINGSHAW VANCOUVER ,CAN ,-23.47
Mar 7, Mar 9, PRESTO FARE/5DNG967S96 Toronto ,CAN, -6.60
Mar 7, Mar 8, GIANT TIGER #159 SCARBOROUGH ,CAN ,-13.06
Mar 7, Mar 8, TIM HORTONS #1809 SCARBOROUGH ,CAN, -3.34
Mar 8, Mar 8, Payment Received, Thank you ,179.28
Mar 6, Mar 8, ESSO CIRCLE K SCARBOROUGH ,CAN, -2.25
Mar 6, Mar 8, PRESTO FARE/5DNB917WDC Toronto ,CAN, -3.30
Mar 6, Mar 7, TIM HORTONS #1809 SCARBOROUGH ,CAN, -2.30
Mar 5, Mar 7, DD/DOORDASHAMAZINGSHAW VANCOUVER ,CAN ,-21.99
Mar 5, Mar 7, ESSO CIRCLE K SCARBOROUGH ,CAN, -2.25
Mar 5, Mar 7, PRESTO FARE/5DN6L6LNDK Toronto ,CAN, -3.30
Mar 5, Mar 6, TIM HORTONS #1809 SCARBOROUGH ,CAN, -2.30
Mar 4, Mar 6, PRESTO FARE/5DN216QTZB Toronto ,CAN, -6.60
Mar 4, Mar 6, SHOPPERS DRUG MART #08 TORONTO ,CAN, -5.64
Mar 4, Mar 5, STAPLES #32 SCARBOROUGH ,CAN, -0.63
Mar 4, Mar 5, SHOPPERS DRUG MART #08 TORONTO ,CAN ,-40.62
Mar 2, Mar 3, DOLLARAMA # 759 TORONTO ,CAN, -1.03
Mar 1, Mar 3, PRESTO FARE/5DMCMKQD7Z Toronto ,CAN, -3.30
Mar 1, Mar 2, DD/DOORDASHZABARDASTHY VANCOUVER ,CAN ,-18.39
Feb 29, Mar 2, PRESTO FARE/5DM85GTQCP Toronto ,CAN, -3.30
Feb 29, Mar 1, TIM HORTONS #1809 SCARBOROUGH ,CAN, -7.67
Feb 28, Mar 1, PRESTO FARE/5DM3C6VNSR Toronto ,CAN, -3.30
Feb 28, Feb 29, TIM HORTONS #1809 SCARBOROUGH ,CAN, -5.64
Feb 27, Feb 29, PRESTO FARE/5DL72J6ZSH Toronto ,CAN, -3.30
Feb 27, Feb 28, TIM HORTONS #1809 SCARBOROUGH ,CAN, -2.17
Feb 26, Feb 28, PRESTO FARE/5DLJBNHVBQ Toronto ,CAN, -3.30
Feb 26, Feb 27, GIANT TIGER #159 SCARBOROUGH ,CAN, -7.43
Feb 27, Feb 27, Payment Received, Thank you, 96.37
Feb 26, Feb 27, TIM HORTONS #1809 SCARBOROUGH ,CAN, -9.67
Feb 23, Feb 25, PRESTO FARE/5DL4FH2ZZG Toronto ,CAN, -3.30
Feb 22, Feb 24, PRESTO FARE/5DKPM2VJR9 Toronto ,CAN, -3.30
Feb 22, Feb 23 ,TIM HORTONS #1809 ,SCARBOROUGH CAN, -2.17
Feb 21, Feb 23 ,PRESTO FARE/5DKL28GM7V ,Toronto CAN, -3.30
Feb 21, Feb 22 ,ALBAAQI SUPERMARKET ,SCARBOROUGH CAN, -6.58
Feb 20, Feb 22 ,PRESTO FARE/5DKG0GBCHQ ,Toronto CAN, -3.30
Feb 20, Feb 21 ,GIANT TIGER #159 ,SCARBOROUGH CAN, -10.82
Feb 20, Feb 21 ,TIM HORTONS #1809 ,SCARBOROUGH CAN, -2.17
Feb 17, Feb 19 ,PRESTO FARE/5DK0BMGSGR ,Toronto CAN, -3.30
Feb 17, Feb 18 ,TIM HORTONS #3233 ,TORONTO CAN, -2.17
Feb 17, Feb 18 ,GIANT TIGER #159 ,SCARBOROUGH CAN, -12.78
Feb 16, Feb 18 ,PRESTO FARE/5DJMD2MQKP ,Toronto CAN, -3.30
Feb 16, Feb 17 ,TIM HORTONS #1809 ,SCARBOROUGH CAN, -7.33
Feb 14, Feb 16 ,ESSO CIRCLE K ,SCARBOROUGH CAN, -2.25
Feb 14, Feb 16 ,PRESTO FARE/5DJCJ77BBQ ,Toronto CAN, -3.30
Feb 14, Feb 15 ,TIM HORTONS #1809 ,SCARBOROUGH CAN, -2.17
Feb 13, Feb 15 ,PRESTO FARE/5DJ7F152M9 ,Toronto CAN, -3.30
Feb 12, Feb 14 ,PRESTO FARE/5DJ2GBX7JL ,Toronto CAN, -3.30
Feb 13, Feb 13 ,Payment Received, Thank you ,78.82
Feb 12, Feb 13 ,TIM HORTONS #1809 ,SCARBOROUGH CAN, -8.80
Feb 10, Feb 11 ,UBER CANADA/UBERONE ,TORONTO CAN, -11.29
Feb 9,  Feb 11  ,PRESTO FARE/5D6502ZJ57 ,Toronto CAN, -3.30
Feb 9,  Feb 10  ,TIM HORTONS #1809 ,SCARBOROUGH CAN, -5.64
Feb 9,  Feb 10  ,GIANT TIGER #159 ,SCARBOROUGH CAN, -7.88
Feb 9,  Feb 10  ,ALBAAQI SUPERMARKET ,SCARBOROUGH CAN, -16.77
Feb 8,  Feb 10  ,PRESTO FARE/5D67G48BBR ,Toronto CAN, -6.60
Feb 8,  Feb 9   ,TIM HORTONS #1809 ,SCARBOROUGH CAN, -2.17
Feb 7,  Feb 8   ,TIM HORTONS #1809 ,SCARBOROUGH CAN, -2.17
Feb 6,  Feb 7   ,TIM HORTONS #1809 ,SCARBOROUGH CAN, -2.17
Feb 5,  Feb 7   ,PRESTO FARE/5DHKFKBDPH ,Toronto CAN, -3.30
Feb 5,  Feb 6   ,TIM HORTONS #1809 ,SCARBOROUGH CAN, -2.17
Feb 3,  Feb 5   ,PRESTO FARE/5DHB3M6QHG ,Toronto CAN, -3.30
Feb 3,  Feb 4   ,TIM HORTONS #3296 ,SCARBOROUGH CAN, -7.67
Feb 2,  Feb 4   ,PRESTO FARE/5DH5NCFQBM ,Toronto CAN, -3.30
Feb 2,  Feb 3   ,TIM HORTONS #1809 ,SCARBOROUGH CAN, -4.15
Feb 1,  Feb 3   ,PRESTO FARE/5DH175VFVL ,Toronto CAN, -3.30
Feb 1,  Feb 2   ,TIM HORTONS #1809 ,SCARBOROUGH CAN, -4.15
Jan 31, Feb 2  ,PRESTO FARE/5DGLLCVVH5 ,Toronto CAN, -3.30
Jan 30, Feb 1  ,PRESTO FARE/5DGH84KT5R ,Toronto CAN, -3.30
Jan 30, Jan 31 ,TIM HORTONS #1809 ,SCARBOROUGH CAN, -2.17
Jan 30, Jan 31 ,ALBAAQI SUPERMARKET ,SCARBOROUGH CAN, -6.58
Jan 29, Jan 31 ,PRESTO FARE/5DGCC2F29S ,Toronto CAN, -3.30
Jan 30, Jan 30 ,AFFIRM CANADA ,VANCOUVER CAN, 23.68
Jan 30, Jan 30 ,AFFIRM CANADA ,VANCOUVER CAN, 25.98
Jan 29, Jan 30 ,TIM HORTONS #1809 ,SCARBOROUGH CAN, -2.17
Jan 26, Jan 28 ,PRESTO FARE/5DFN9MLPQW ,Toronto CAN, -3.30
Jan 26, Jan 27 ,TIM HORTONS #1809 ,SCARBOROUGH CAN, -1.98
Jan 25, Jan 27 ,PRESTO FARE/5DF6DNC2CH ,Toronto CAN, -3.30
Jan 22, Jan 24 ,PRESTO FARE/5DF3KNZCR7 ,Toronto CAN, -3.30
Jan 22, Jan 23 ,TIM HORTONS #1809 ,SCARBOROUGH CAN, -2.17
Jan 23, Jan 23 ,Payment Received, Thank you, 1.00
Jan 22, Jan 22 ,Payment Received, Thank you, 2.17
Jan 22, Jan 22 ,Payment Received, Thank you, 132.75
Jan 19, Jan 21 ,PRESTO FARE/5D5F13NJ7M ,Toronto CAN, -3.30
Jan 20, Jan 21 ,UBER* EATS PENDING ,TORONTO CAN, -22.09
Jan 18, Jan 20 ,PRESTO FARE/5D527KLB7T ,Toronto CAN, -3.30
Jan 17, Jan 19 ,PRESTO FARE/5D5571T2RC ,Toronto CAN, -3.30
Jan 17, Jan 18 ,TIM HORTONS #1809 ,SCARBOROUGH CAN, -2.17
Jan 15, Jan 17 ,PRESTO FARE/5DDLKGZTFC ,Toronto CAN, -3.30
Jan 13, Jan 15 ,UBER CANADA/UBEREATS ,TORONTO CAN, -20.09
Jan 13, Jan 15 ,PRESTO FARE/5DD2K67T7J ,Toronto CAN, -9.90
Jan 12, Jan 14 ,PRESTO FARE/5DD666QH9J ,Toronto CAN, -3.30
Jan 11, Jan 13 ,PRESTO FARE/5DD181MHTP ,Toronto CAN, -3.30
Jan 11, Jan 12 ,TIM HORTONS #1809 ,SCARBOROUGH CAN, -6.20
Jan 10, Jan 12 ,PRESTO FARE/5DCM6BSR7J ,Toronto CAN, -6.60
Jan 10, Jan 11 ,UBER CANADA/UBERONE ,TORONTO CAN, -11.29
Jan 9,  Jan 11 ,PRESTO FARE/5DC63BGQNF ,Toronto CAN, -3.30
Jan 8,  Jan 10 ,PRESTO FARE/5DCC67QVQM ,Toronto CAN, -3.30
Jan 9,  Jan 9  ,AFFIRM CANADA ,+14159840490 CAN, -25.98
Jan 9,  Jan 9  ,Payment Received, Thank you, 70.90
Jan 5,  Jan 6  ,ALBAAQI SUPERMARKET ,SCARBOROUGH CAN, -9.87
Jan 5,  Jan 6  ,DOLLARAMA # 759 ,TORONTO CAN, -11.54
Jan 4,  Jan 5  ,GIANT TIGER #159 ,SCARBOROUGH CAN, -6.93
Jan 1,  Jan 1  ,SQ *KYOTO ,Toronto CAN, -11.29